policy,seed,days,sku_count,dataset_id,runtime,model,day,service_level,total_cost,procurement_cost,transport_cost,holding_cost,shortage_cost,total_demand,total_filled,lost_units,stockout_frequency,on_hand_units,working_capital,inventory_value,pipeline_value,inventory_turns_annualized,expedite_usage,open_orders,runtime_seconds,decision_latency_mean_ms,decision_latency_p95_ms,tokens_per_model_decision,model_attempts,model_failures,model_failure_rate,invalid_action_rate,deferred_actions,agent_tool_selection_accuracy,state_hash,episode_archive
reorder_point,42,30,200,synthetic-v1-seed-42-n-200,none,,30,0.9236970049881785,2430289.35,2072122.5,27613.0,6068.85,324485.0,142537,131661,10876,0.07532451515431814,28198,910379.5,430069.5,480310.0,59.52590211484226,0.0,444,0.8136,0.952,1.298,,0,0,,0.0,1385,,2e647510a3a5ad928f4825749b551363e329bf9b5fd614f9cb59754817d75180,episodes/reorder_point-none-none-seed-42.json.gz
reorder_point,73,30,200,synthetic-v1-seed-42-n-200,none,,30,0.9246831827702202,2403543.01,2049268.75,27252.0,6074.26,320948.0,141801,131121,10680,0.07510975081926669,28473,899855.0,426008.75,473846.25,59.10249518019067,0.0,435,0.8253,1.222,1.261,,0,0,,0.0,1389,,61cb1d759d1a3b3420958f2a2f3e0f2160fbbb76e40fd80600e93925d946a718,episodes/reorder_point-none-none-seed-73.json.gz
reorder_point,101,30,200,synthetic-v1-seed-42-n-200,none,,30,0.9286719783777696,2385096.16,2052236.25,27521.0,6124.91,299214.0,142076,131942,10134,0.07205746061167748,28597,890410.25,443501.5,446908.75,58.98383234173296,0.0,434,0.818,0.964,1.306,,0,0,,0.0,1256,,9eb42eefc0657206481f25684e45a7c5d4e55b6ef76526eedf14123a00e70a2a,episodes/reorder_point-none-none-seed-101.json.gz
min_max,42,30,200,synthetic-v1-seed-42-n-200,none,,30,0.8641756175589496,2648932.97,2049067.5,27078.0,7706.47,565081.0,142537,123177,19360,0.12803317608608517,32897,1007622.5,488730.0,518892.5,44.02819924144002,0.0,306,0.7442,1.177,1.397,,0,0,,0.0,1981,,f1cc6a2d4999ab14c81230612df6fdcb05e10ec5be736e758ed2fd4fdd02ea86,episodes/min_max-none-none-seed-42.json.gz
min_max,73,30,200,synthetic-v1-seed-42-n-200,none,,30,0.8748880473339398,2605492.75,2033716.25,27089.0,7618.0,537069.5,141801,124060,17741,0.12135967352995734,34219,992363.25,518045.75,474317.5,44.53720959699218,0.0,274,0.8071,1.106,1.688,,0,0,,0.0,1915,,b1eba73796977aad789a63b529d66b9ec8cefc8c2e7a78b41f1e465acbfe4156,episodes/min_max-none-none-seed-73.json.gz
min_max,101,30,200,synthetic-v1-seed-42-n-200,none,,30,0.8720192009910189,2653237.35,2067566.25,27658.0,7722.1,550291.0,142076,123893,18183,0.12312326227988879,33881,1031278.75,522550.0,508728.75,43.81702577866251,0.0,318,0.7846,1.009,1.364,,0,0,,0.0,1942,,056a9590b1082f4f17578123743b39474373f7c638b7a64aa86aa86de56852ef,episodes/min_max-none-none-seed-101.json.gz
heuristic,42,30,200,synthetic-v1-seed-42-n-200,none,,30,0.9493254383072466,2574001.25,2312687.5,41410.0,7898.75,212005.0,142537,135314,7223,0.048607899361761166,37295,1094704.5,555527.0,539177.5,47.03519674533117,0.09862266112266112,434,0.8555,1.06,1.4,,0,0,,0.0,2161,,743be3d7f070c35a6fd7c8d8a16280f009e6c13600cdfe41a74a8bfcc0f2965f,episodes/heuristic-none-none-seed-42.json.gz
heuristic,73,30,200,synthetic-v1-seed-42-n-200,none,,30,0.9517845431273404,2528788.84,2272746.25,39340.0,7832.09,208870.5,141801,134964,6837,0.047409262350831635,38810,1067293.75,569472.5,497821.25,47.14353201091433,0.08460727464417502,397,0.8576,1.33,1.37,,0,0,,0.0,2326,,d9860668e1ec8b813e2e26b8b48ce02bf793841f6435bc7b9f3fd01cd09690a7,episodes/heuristic-none-none-seed-73.json.gz
heuristic,101,30,200,synthetic-v1-seed-42-n-200,none,,30,0.95232129282919,2550647.32,2295607.5,39725.5,7914.32,207400.0,142076,135302,6774,0.0457213469261662,38072,1087874.5,575064.5,512810.0,46.70630963067963,0.08451577127572822,414,0.8674,1.09,1.364,,0,0,,0.0,2216,,8d278bcab9c235e64c3648aad91c8bf6696a2f4adec730bb2e24ec69277e7e96,episodes/heuristic-none-none-seed-101.json.gz
agents,42,30,200,synthetic-v1-seed-42-n-200,none,,30,0.9493254383072466,2574001.25,2312687.5,41410.0,7898.75,212005.0,142537,135314,7223,0.048607899361761166,37295,1094704.5,555527.0,539177.5,47.03519674533117,0.09862266112266112,434,0.8922,1.479,1.621,,0,0,,0.0,2161,,743be3d7f070c35a6fd7c8d8a16280f009e6c13600cdfe41a74a8bfcc0f2965f,episodes/agents-none-none-seed-42.json.gz
agents,73,30,200,synthetic-v1-seed-42-n-200,none,,30,0.9517845431273404,2528788.84,2272746.25,39340.0,7832.09,208870.5,141801,134964,6837,0.047409262350831635,38810,1067293.75,569472.5,497821.25,47.14353201091433,0.08460727464417502,397,0.855,1.175,1.56,,0,0,,0.0,2326,,d9860668e1ec8b813e2e26b8b48ce02bf793841f6435bc7b9f3fd01cd09690a7,episodes/agents-none-none-seed-73.json.gz
agents,101,30,200,synthetic-v1-seed-42-n-200,none,,30,0.95232129282919,2550647.32,2295607.5,39725.5,7914.32,207400.0,142076,135302,6774,0.0457213469261662,38072,1087874.5,575064.5,512810.0,46.70630963067963,0.08451577127572822,414,0.8516,1.187,1.593,,0,0,,0.0,2216,,8d278bcab9c235e64c3648aad91c8bf6696a2f4adec730bb2e24ec69277e7e96,episodes/agents-none-none-seed-101.json.gz
